disease,keyword,risk_level,advice,source
糖尿病,干煸,HIGH,"干煸菜大多是先在油里反复炸过的，油脂和热量严重超标，会让血糖一直居高不下，下馆子少点。","国家卫健委《成人糖尿病食养指南（2023年版）》"
糖尿病,鱼香,HIGH,"鱼香肉丝、鱼香茄子为了调味，里面放了大量的白糖和淀粉，对血糖非常不友好，建议换成清炒。","国家卫健委《成人糖尿病食养指南（2023年版）》"
糖尿病,勾芡,HIGH,"菜汤里黏糊糊的勾芡全是纯淀粉，喝下去升糖比吃白米饭还快，吃菜的时候尽量避开菜汁，别用菜汤拌饭。","国家卫健委《成人糖尿病食养指南（2023年版）》"
糖尿病,土豆丝,HIGH,"土豆是主食不是蔬菜！吃了一盘炒土豆丝，米饭就得减半，不然一顿饭吃下去全是碳水，血糖肯定飙。","国家卫健委《成人糖尿病食养指南（2023年版）》"
糖尿病,粉条,HIGH,"猪肉炖粉条虽然香，但粉条几乎全是纯纯的红薯淀粉，吃多了和吃糖没区别，血糖不稳时尽量少吃。","国家卫健委《成人糖尿病食养指南（2023年版）》"
糖尿病,无糖饼干,HIGH,"别被‘无糖’两个字骗了！饼干本身就是面粉（碳水）做的，再加上为了起酥放的油脂，吃多了血糖照样下不来。","国家卫健委《成人糖尿病食养指南（2023年版）》"
糖尿病,红糖,HIGH,"很多人觉得红糖水能‘补血补气’，其实它跟白糖一样，喝了只会让血糖狂飙，贫血应该吃点红肉，少/不喝糖水。","国家卫健委《成人糖尿病食养指南（2023年版）》"
糖尿病,糖醋,HIGH,"这道菜里加了大量的糖和淀粉，会让血糖快速飙升，建议尽量别点这道菜。","国家卫健委《成人糖尿病食养指南（2023年版）》"
糖尿病,糯米,HIGH,"糯米软糯好消化，但升糖速度非常快，对血糖控制不友好，最好换成粗粮饭。","国家卫健委《成人糖尿病食养指南（2023年版）》"
糖尿病,凤爪,HIGH,"早茶里的虎皮凤爪通常是先炸后蒸，还加了甜酱油，热量高且容易升糖，血糖高要少点。","国家卫健委《成人糖尿病食养指南（2023年版）》"
糖尿病,面条,MEDIUM,"精白面条消化快，容易让血糖波动。如果想吃，建议加点蔬菜和瘦肉一起吃，或者选全麦面。","国家卫健委《成人糖尿病食养指南（2023年版）》"
糖尿病,白粥,HIGH,"熬得越烂的粥升糖越快，喝完血糖容易‘坐过山车’，主食不如吃点干饭或燕麦。","国家卫健委《成人糖尿病食养指南（2023年版）》"
糖尿病,蛋糕,HIGH,"甜点里全都是糖和游离脂肪，对控制血糖非常不利，一定要管住嘴，别馋这一口。","国家卫健委《成人糖尿病食养指南（2023年版）》"
糖尿病,粗粮,LOW,"粗粮富含膳食纤维，不仅管饱还能让血糖平稳，平时的米饭里可以多掺点。","国家卫健委《成人糖尿病食养指南（2023年版）》"
糖尿病,拔丝,HIGH,"拔丝地瓜、拔丝苹果外面全是厚厚的糖浆，吃一口血糖就得飙高，千万别碰。","国家卫健委《成人糖尿病食养指南（2023年版）》"
糖尿病,奶茶,HIGH,"外面的奶茶哪怕说的是无糖，里面加的小料也是碳水炸弹，最好用自己泡的淡茶代替。","国家卫健委《成人糖尿病食养指南（2023年版）》"
糖尿病,蜂蜜,HIGH,"蜂蜜虽然天然，但主要成分还是糖，喝多了血糖一样受不了，泡水尽量别加。","国家卫健委《成人糖尿病食养指南（2023年版）》"
糖尿病,南瓜,MEDIUM,"老南瓜吃起来甜，升糖也不慢，如果菜里有南瓜，那米饭或者馒头就要少吃两口。","国家卫健委《成人糖尿病食养指南（2023年版）》"
糖尿病,杂粮,LOW,"黑米、糙米、燕麦这些杂粮消化得慢，能让吃完饭以后的血糖稳稳当当，推荐天天吃。","国家卫健委《成人糖尿病食养指南（2023年版）》"
糖尿病,绿叶菜,LOW,"菠菜、小白菜这些绿叶菜不仅维生素多，还能拖住糖分吸收的脚步，顿顿都不能少。","国家卫健委《成人糖尿病食养指南（2023年版）》"
糖尿病,汤圆,HIGH,"不管是黑芝麻还是花生馅的汤圆，皮是糯米、馅是糖和猪油，绝对的‘升糖炸弹’，过节最多吃一两个。","国家卫健委《成人糖尿病食养指南（2023年版）》"
糖尿病,青团,HIGH,"青团又甜又糯，升糖速度极快，哪怕是咸蛋黄肉松馅的，油脂也很高，血糖不稳时千万别碰。","国家卫健委《成人糖尿病食养指南（2023年版）》"
高血压,卤味,HIGH,"外面的卤肉、卤菜为了入味和保存，加的盐和酱油特别多，吃多了血压容易往上冲，少买现成的卤味。","国家卫健委《成人高血压食养指南（2023年版）》"
高血压,豆豉,HIGH,"豆豉酱香浓郁但含盐量极高，做菜如果放了豆豉，就千万别再加盐或者生抽了，不然这顿饭盐分绝对超标。","国家卫健委《成人高血压食养指南（2023年版）》"
高血压,椒盐,HIGH,"椒盐做法的菜表面裹满了盐粒和调料，对血管压力很大，下馆子点菜时最好避开‘椒盐’这两个字。","国家卫健委《成人高血压食养指南（2023年版）》"
高血压,挂面,MEDIUM,"买挂面时一定要看配料表，很多挂面为了劲道加了不少‘钠’（盐），就算水煮不放调料也容易超标，记得挑低钠的买。","国家卫健委《成人高血压食养指南（2023年版）》"
高血压,味精,MEDIUM,"味精和鸡精里也含有大量的钠，放多了同样会让血压升高。做菜尽量用天然食材提鲜，少放调料。","国家卫健委《成人高血压食养指南（2023年版）》"
高血压,咸鸭蛋,HIGH,"咸鸭蛋的蛋黄虽然流油好吃，但是盐分高得吓人，为了血管好，最好一口都别吃。","国家卫健委《成人高血压食养指南（2023年版）》"
高血压,榨菜,HIGH,"哪怕是就着白粥吃，榨菜里的盐也太多了，容易让血压居高不下，建议换成凉拌鲜菜。","国家卫健委《成人高血压食养指南（2023年版）》"
高血压,泡面,HIGH,"方便面调料包里全是盐和防腐剂，汤底更咸，高血压患者一定要远离这种快餐。","国家卫健委《成人高血压食养指南（2023年版）》"
高血压,虾皮,MEDIUM,"虾皮虽然补钙，但它在加工时加了很多盐，如果做菜放了虾皮，那就千万别再放盐了。","国家卫健委《成人高血压食养指南（2023年版）》"
高血压,木耳,LOW,"黑木耳被称作血管的‘清洁工’，能帮着清理血管垃圾，对降血压有辅助好处。","国家卫健委《成人高血压食养指南（2023年版）》"
高血压,豆瓣酱,HIGH,"酱料是盐的重灾区，一勺酱顶好几克盐，血压高的话做菜尽量少放。","国家卫健委《成人高血压食养指南（2023年版）》"
高血压,腐乳,HIGH,"一块小小的豆腐乳，里面含的盐可能就够一天的一半了，高血压患者最好戒掉这口。","国家卫健委《成人高血压食养指南（2023年版）》"
高血压,咸菜,HIGH,"腌制食品里隐藏的盐分（钠）太高了，吃多了血管压力大，会让血压更难控制。","国家卫健委《成人高血压食养指南（2023年版）》"
高血压,腊肉,HIGH,"腊肉又咸又肥，盐和油都严重超标，对血压非常不友好，尽量少碰。","国家卫健委《成人高血压食养指南（2023年版）》"
高血压,香肠,HIGH,"加工肉类里面‘隐形盐’特别多，吃着不咸其实盐分超标了，建议换成新鲜瘦肉。","国家卫健委《成人高血压食养指南（2023年版）》"
高血压,红薯,LOW,"薯类富含钾元素，能帮着身体把多余的钠（盐）排出去，对降血压有好处。","国家卫健委《成人高血压食养指南（2023年版）》"
高血压,芹菜,LOW,"芹菜含钾高、含钠低，膳食纤维还丰富，是高血压患者的‘好帮手’，可以多吃点。","国家卫健委《成人高血压食养指南（2023年版）》"
高血压,动物血,LOW,"猪血鸭血不仅补铁，而且几乎不含脂肪，钠含量也很低，高血压患者完全可以放心吃。","国家卫健委《成人高血压食养指南（2023年版）》"
高血压,苏打水,HIGH,"很多苏打水里含有大量的‘碳酸氢钠’，喝着不咸但其实全是钠（盐），血压高的老人家最好还是喝白开水。","国家卫健委《成人高血压食养指南（2023年版）》"
高血脂,油炸,HIGH,"油炸食物吸满了油，热量极高，经常吃会让血液变黏稠，加重血管负担。","国家卫健委《成人高脂血症食养指南（2023年版）》"
高血脂,蟹黄,HIGH,"蟹黄虽然香，但胆固醇含量极高，血脂偏高的人一定要忍住，尽量不吃。","国家卫健委《成人高脂血症食养指南（2023年版）》"
高血脂,红烧肉,HIGH,"这道菜虽然软烂，但满满的都是动物脂肪，吃多了血脂很难降下来，建议换成清蒸鱼。","国家卫健委《成人高脂血症食养指南（2023年版）》"
高血脂,肥肉,HIGH,"肥肉里的饱和脂肪特别多，吃多了容易让胆固醇超标，最好换成去皮鸡鸭肉或鱼肉。","国家卫健委《成人高脂血症食养指南（2023年版）》"
高血脂,动物内脏,HIGH,"猪肝、猪大肠等内脏胆固醇极高，血脂偏高的人一定要严格忌口，尽量别吃。","国家卫健委《成人高脂血症食养指南（2023年版）》"
高血脂,坚果,MEDIUM,"坚果里含有健康的油脂，但热量不低，每天吃一小把就够了，千万别当瓜子一直嗑。","国家卫健委《成人高脂血症食养指南（2023年版）》"
高血脂,深海鱼,LOW,"像带鱼、三文鱼含有对心血管好的健康脂肪，能帮着清理血管垃圾，推荐每周吃两次。","国家卫健委《成人高脂血症食养指南（2023年版）》"
高血脂,豆腐,LOW,"豆制品里没有胆固醇，还能补充优质的植物蛋白，是代替部分肉类的好选择。","国家卫健委《成人高脂血症食养指南（2023年版）》"
高血脂,扣肉,HIGH,"梅菜扣肉虽然入口即化，但那是肥肉和油泡出来的，血脂高的人吃几口就会让指标亮红灯。","国家卫健委《成人高脂血症食养指南（2023年版）》"
高血脂,烧烤,HIGH,"肉类在炭火上烤会产生有害物质，而且一般都很肥腻，会加重血管的堵塞，尽量少吃。","国家卫健委《成人高脂血症食养指南（2023年版）》"
高血脂,动物油,HIGH,"猪油、牛油炒菜确实香，但会让身体里的坏胆固醇增多，炒菜一定要认准大豆油、花生油这些植物油。","国家卫健委《成人高脂血症食养指南（2023年版）》"
高血脂,燕麦,LOW,"燕麦里有种好东西，能把肠道里的油脂带走，早上当早饭吃最合适了。","国家卫健委《成人高脂血症食养指南（2023年版）》"
高血脂,水煮,HIGH,"饭店里的‘水煮鱼’、‘水煮肉片’其实都是‘油煮’，表面飘着厚厚一层明油，吃一口全进血管里了，血脂高千万避开。","国家卫健委《成人高脂血症食养指南（2023年版）》"
高血脂,干锅,HIGH,"干锅菜基本都是把食材在油锅里炸透了再端上来，越吃越油，血脂和胆固醇高的人最好点清蒸或白灼的菜。","国家卫健委《成人高脂血症食养指南（2023年版）》"
高血脂,蛋黄酥,HIGH,"这种起酥的点心里用了大量的猪油或起酥油，不仅热量爆炸，还会让坏胆固醇升高，最好别吃。","国家卫健委《成人高脂血症食养指南（2023年版）》"
高血脂,猪脑,HIGH,"脑花里的胆固醇含量很多，吃一口顶好几天的量，血脂高的长辈绝对不能碰。","国家卫健委《成人高脂血症食养指南（2023年版）》"
痛风,海鲜,HIGH,"大部分海鲜嘌呤太高了，吃完很容易引起尿酸飙升，诱发痛风发作，一定要管住嘴。","国家卫健委《成人高尿酸血症与痛风食养指南（2024年版）》"
痛风,啤酒,HIGH,"酒精会阻碍身体排出尿酸，尤其是啤酒简直是痛风的‘催化剂’，千万别碰。","国家卫健委《成人高尿酸血症与痛风食养指南（2024年版）》"
痛风,肉汤,HIGH,"肉里的嘌呤大多都煮进汤里了，喝肉汤就等于喝嘌呤！建议只吃肉，汤最好倒掉。","国家卫健委《成人高尿酸血症与痛风食养指南（2024年版）》"
痛风,果汁,HIGH,"果糖太高也会在体内代谢成尿酸，鲜榨果汁和甜饮料都尽量别喝，多喝白开水。","国家卫健委《成人高尿酸血症与痛风食养指南（2024年版）》"
痛风,蚝油,HIGH,"蚝油是用生蚝熬出来的，嘌呤含量并不低！炒菜如果放了一大勺蚝油，可能不知不觉就让尿酸升高了。","国家卫健委《成人高尿酸血症与痛风食养指南（2024年版）》"
痛风,菠菜,MEDIUM,"菠菜里的草酸和植物嘌呤比较高，但只要在做菜前先焯水，把草酸过掉，适量吃一点也是可以的。","国家卫健委《成人高尿酸血症与痛风食养指南（2024年版）》"
痛风,蘑菇,MEDIUM,"干香菇等菌菇嘌呤较高，但只要别喝泡香菇的水，适量吃点炒蘑菇是没问题的，别天天吃就行。","国家卫健委《成人高尿酸血症与痛风食养指南（2024年版）》"
痛风,动物血,LOW,"很多人以为动物血不能吃，其实猪血、鸭血虽然是荤菜，但它们几乎不含嘌呤，痛风患者可以放心吃，还能顺便补补铁。","国家卫健委《成人高尿酸血症与痛风食养指南（2024年版）》"
痛风,动物内脏,HIGH,"猪肝、腰子、牛百叶这类内脏是‘嘌呤大户’，痛风患者绝对不能碰。","国家卫健委《成人高尿酸血症与痛风食养指南（2024年版）》"
痛风,鸡蛋,LOW,"鸡蛋不含嘌呤，是痛风患者补充优质营养的好帮手，每天吃一个完全没问题。","国家卫健委《成人高尿酸血症与痛风食养指南（2024年版）》"
痛风,牛奶,LOW,"脱脂或低脂牛奶不仅不含嘌呤，还能促进尿酸排泄，建议每天喝一杯。","国家卫健委《成人高尿酸血症与痛风食养指南（2024年版）》"
痛风,火锅汤,HIGH,"不管清汤还是辣汤，只要涮过肉和海鲜，汤里就全是嘌呤，痛风患者慎喝！","国家卫健委《成人高尿酸血症与痛风食养指南（2024年版）》"
痛风,带鱼,HIGH,"像带鱼、沙丁鱼这些无鳞鱼或者海鱼，嘌呤很高，痛风时期千万不要吃。","国家卫健委《成人高尿酸血症与痛风食养指南（2024年版）》"
痛风,黄豆,MEDIUM,"干黄豆嘌呤比较高，但做成豆腐、豆浆后嘌呤会流失很多，适量吃点豆腐是没问题的。","国家卫健委《成人高尿酸血症与痛风食养指南（2024年版）》"
痛风,樱桃,LOW,"多吃樱桃对降尿酸有一定的好处，平时当水果吃，既解馋又健康。","国家卫健委《成人高尿酸血症与痛风食养指南（2024年版）》"
痛风,豆芽,HIGH,"很多人以为豆芽是素菜没事，其实黄豆发芽后嘌呤会成倍增加！痛风患者尽量避开黄豆芽和绿豆芽。","国家卫健委《成人高尿酸血症与痛风食养指南（2024年版）》"
痛风,芦笋,MEDIUM,"芦笋虽然嘌呤偏高，但属于植物性嘌呤，偶尔吃一次通常不会引起痛风发作，实在馋了可以少吃点。","国家卫健委《成人高尿酸血症与痛风食养指南（2024年版）》"
痛风,鱿鱼,HIGH,"鱿鱼、墨鱼虽然吃着没多少肉，但嘌呤和胆固醇双高，不仅升尿酸还伤血管，海鲜爱好者得忍痛割爱了。","国家卫健委《成人高尿酸血症与痛风食养指南（2024年版）》"
慢性胃炎,辣椒,HIGH,"辛辣的食物会直接刺激胃黏膜，胃本来就不舒服的话，吃了容易胃痛、烧心，建议吃清淡点。","中华医学会《中国慢性胃炎共识意见》"
慢性胃炎,冰水,HIGH,"老胃病最怕寒凉，冰水下肚会让胃血管收缩，引起胃痉挛，平时一定要喝温热的水。","中华医学会《中国慢性胃炎共识意见》"
慢性胃炎,韭菜,HIGH,"韭菜虽然香，但它的纤维比较粗糙，胃不好的人吃了容易不消化、反酸，尽量少吃。","中华医学会《中国慢性胃炎共识意见》"
慢性胃炎,小米粥,LOW,"熬出米油的小米粥特别养胃，好消化又不增加肠胃负担，胃不舒服的时候吃一碗最合适。","中华医学会《中国慢性胃炎共识意见》"
便秘,香蕉,MEDIUM,"很多人觉得吃香蕉通便，但如果吃的是没完全熟透的、发涩的香蕉，里面的鞣酸反而会加重便秘！记得买熟透的。","中国营养学会《中国老年人膳食指南（2022）》"
便秘,辣椒,HIGH,"吃太多辣不仅胃受不了，还会让大便变得干结难排，容易引起痔疮，肠道不通畅一定要少吃。","中国营养学会《中国老年人膳食指南（2022）》"
便秘,精白米面,MEDIUM,"天天只吃白米饭白馒头，肚子里没有足够的纤维推动肠道，容易排便困难，要掺点粗粮。","中国营养学会《中国老年人膳食指南（2022）》"
便秘,火龙果,LOW,"尤其是红心火龙果，里面的籽和果胶能像小刷子一样帮肠道蠕动，是非常好的通便水果。","中国营养学会《中国老年人膳食指南（2022）》"
便秘,黑芝麻,LOW,"黑芝麻里有健康的油脂，能起到润肠通便的作用，平时可以泡点黑芝麻糊喝。","中国营养学会《中国老年人膳食指南（2022）》"
便秘,芹菜,LOW,"芹菜里的粗纤维就像是肠道里的‘推土机’，能有效改善老年人肠胃蠕动慢的问题，让排便更顺畅。","中国营养学会《中国老年人膳食指南（2022）》"
慢性肾脏病,可乐,HIGH,"碳酸饮料里含有很多磷，肾功能不好的人排不出磷，会让骨头变脆、皮肤发痒，千万别喝。","国家卫健委《成人慢性肾脏病食养指南（2024年版）》"
慢性肾脏病,坚果,HIGH,"瓜子、花生这些坚果也是‘高磷大户’，对肾脏负担很重，肾友们最好忍住别嗑。","国家卫健委《成人慢性肾脏病食养指南（2024年版）》"
慢性肾脏病,低钠盐,HIGH,"低钠盐里面是用钾代替了钠，但肾不好的人如果排不出钾，会引起心脏危险！买盐就买普通的。","国家卫健委《成人慢性肾脏病食养指南（2024年版）》"
慢性肾脏病,杨桃,HIGH,"杨桃里含有一种神经毒素，肾不好的人排不出去，吃了甚至可能中毒，绝对不能吃！","国家卫健委《成人慢性肾脏病食养指南（2024年版）》"
慢性肾脏病,老火汤,HIGH,"熬得时间久的肉汤里有很多磷和钾，会给本就不好的肾脏增加大麻烦，尽量别喝。","国家卫健委《成人慢性肾脏病食养指南（2024年版）》"
慢性肾脏病,香蕉,MEDIUM,"香蕉含钾很高，如果您的肾功能指标里有‘高血钾’，那香蕉、橘子这些水果就要少吃了。","国家卫健委《成人慢性肾脏病食养指南（2024年版）》"
骨质疏松,浓茶,HIGH,"浓茶里的草酸和咖啡因会把身体里的钙‘偷’走，让骨头变脆，喜欢喝茶的话记得泡淡一点。","中华医学会《原发性骨质疏松症诊疗指南（2022）》"
骨质疏松,骨头汤,HIGH,"俗话说‘吃啥补啥’，但骨头汤里其实没啥钙，全都是脂肪，喝多了不补骨头只长肉。","中华医学会《原发性骨质疏松症诊疗指南（2022）》"
骨质疏松,牛奶,LOW,"牛奶是补钙的‘冠军’，不仅钙多还好吸收，每天早晚喝一杯，骨头更结实。","中国营养学会《中国老年人膳食指南（2022）》"
骨质疏松,咖啡,HIGH,"咖啡喝多了也会加速钙质的流失，老人家如果骨头已经比较脆了，这种洋饮品还是少喝为妙。","中华医学会《原发性骨质疏松症诊疗指南（2022）》"
咀嚼困难,坚果,HIGH,"牙口不好的话，硬坚果很容易卡住或者伤到牙龈，甚至有呛进气管的危险，一定要小心。","中国营养学会《中国老年人膳食指南（2022）》"
咀嚼困难,年糕,HIGH,"年糕又黏又难嚼断，老年人吃不仅不好消化，还容易噎在喉咙里发生危险，千万要当心。","中国营养学会《中国老年人膳食指南（2022）》"
咀嚼困难,肉末,LOW,"想吃肉又嚼不动，可以把瘦肉剁成肉末做成丸子或者蒸蛋，营养好吸收又不费牙。","中国营养学会《中国老年人膳食指南（2022）》"
冠心病,猪脑,HIGH,"老话说‘吃脑补脑’，但猪脑里的胆固醇含量高得吓人，吃一口顶好几天的指标，心脏不好绝对不能碰。","国家卫健委《冠心病合理膳食指南（WS/T 552-2017）》"
冠心病,肥牛,HIGH,"涮火锅时的肥牛卷、肥羊卷上白花花的都是饱和脂肪，吃多了容易让血管堵塞，建议换成鱼片或者瘦肉。","国家卫健委《冠心病合理膳食指南（WS/T 552-2017）》"
冠心病,猪油,HIGH,"猪油这类动物油会让血管里长‘垃圾’，加重心脏血管的堵塞，炒菜一定要换成植物油。","国家卫健委《冠心病合理膳食指南（WS/T 552-2017）》"
冠心病,黄油,HIGH,"很多糕点里用的黄油含有大量反式脂肪，对心脏极其不友好，买零食前记得看一眼配料表。","国家卫健委《冠心病合理膳食指南（WS/T 552-2017）》"
冠心病,杂粮,LOW,"燕麦、荞麦这些粗粮能帮着带走肠道里的坏胆固醇，保护心脏血管，每天的主食里可以加上一点。","国家卫健委《冠心病合理膳食指南（WS/T 552-2017）》"
冠心病,起酥,HIGH,"带‘酥’字的面包点心往往含有反式脂肪酸，这种脂肪最伤心脏血管，老人家买食物一定要避开。","国家卫健委《冠心病合理膳食指南（WS/T 552-2017）》"
冠心病,清蒸,LOW,"清蒸能最大限度保留营养，而且不用放太多油、盐，对保护心脏血管非常有好处，推荐下馆子多点清蒸鱼。","国家卫健委《冠心病合理膳食指南（WS/T 552-2017）》"
营养不良,稀饭,MEDIUM,"光喝稀粥营养太单一了，老人家如果牙口不好，可以把肉末、蔬菜碎煮进粥里，营养才跟得上。","中国营养学会《中国老年人膳食指南（2022）》"
营养不良,鸡蛋,LOW,"鸡蛋是补充优质蛋白质最便宜、最好的办法，无论您有没有其他慢性病，每天一个白煮蛋都是极好的。","中国营养学会《中国老年人膳食指南（2022）》"
慢性胃炎,冷面,HIGH,"冷面筋道难消化，而且汤底冰凉，老胃病吃下去很容易引起胃痉挛或者拉肚子，胃不好别吃。","中华医学会《中国慢性胃炎共识意见》"
慢性胃炎,冷饮,HIGH,"不管天气多热，老胃病都不能碰冰水和冷饮，一口下去胃部血管猛缩，马上就能疼起来。","中华医学会《中国慢性胃炎共识意见》"
肌少症,纯素食,HIGH,"长期纯素食容易导致优质蛋白摄入不足，肌肉流失加快，老人家没力气容易摔跤，一定要吃点肉蛋奶。","中华医学会《老年人肌少症口服营养补充中国专家共识》"
肌少症,肥肉,HIGH,"肥肉里主要是脂肪，不能帮着长肌肉，想长力气还是要多吃瘦肉、鱼虾和豆制品。","中华医学会《老年人肌少症口服营养补充中国专家共识》"
肌少症,瘦牛肉,LOW,"牛肉里富含亮氨酸，是合成肌肉的‘黄金原料’，牙口允许的话可以多炖点烂糊的牛肉吃。","中华医学会《老年人肌少症口服营养补充中国专家共识》"
肌少症,豆制品,LOW,"豆腐、豆干等富含植物蛋白，对长肌肉很有帮助，而且软烂好嚼，非常适合老人家。","中华医学会《老年人肌少症口服营养补充中国专家共识》"
认知障碍,动物内脏,HIGH,"动物脑、肠等含有大量胆固醇和饱和脂肪，容易加重脑血管硬化，对保护记忆力没好处。","中国营养学会《中国老年人膳食指南（2022）》"
认知障碍,糕点,HIGH,"很多植物奶油做的人造糕点含有反式脂肪酸，会加速大脑老化，增加老年痴呆风险，尽量少买少吃。","中国营养学会《中国老年人膳食指南（2022）》"
认知障碍,深海鱼,LOW,"三文鱼、鳕鱼等富含欧米伽3脂肪酸，就像是大脑的‘润滑油’，推荐每周吃一两次来保护脑力。","中国营养学会《中国老年人膳食指南（2022）》"
认知障碍,核桃,LOW,"核桃等坚果富含有益大脑的营养素，每天吃一两个，对延缓记忆力衰退有一定辅助作用，但别多吃。","中国营养学会《中国老年人膳食指南（2022）》"
慢阻肺,红薯,HIGH,"红薯、土豆吃多了容易在肚子里胀气，把横膈膜往上顶，会让慢阻肺患者觉得更喘不上气，少吃几口。","中华医学会《慢性阻塞性肺疾病基层合理用药指南》"
慢阻肺,汽水,HIGH,"碳酸饮料喝下去会产生大量气体，导致胃肠胀气，加重呼吸困难，慢阻肺患者最好喝温开水。","中华医学会《慢性阻塞性肺疾病基层合理用药指南》"
慢阻肺,黄豆,MEDIUM,"干豆类容易产气，吃了容易肚子胀影响呼吸。如果想补充大豆蛋白，建议换成不产气的豆腐或豆浆。","中华医学会《慢性阻塞性肺疾病基层合理用药指南》"
帕金森病,大鱼大肉,HIGH,"吃太多肉类和高蛋白食物，会影响左旋多巴类药效，让吃下去的药不管用。建议把肉类尽量安排在晚饭吃。","中华医学会《中国帕金森病治疗指南（第四版）》"
帕金森病,辣椒,HIGH,"帕金森患者肠胃蠕动慢，特别容易便秘，再吃辛辣刺激的食物不仅伤胃，还会让便秘雪上加霜。","中华医学会《中国帕金森病治疗指南（第四版）》"
帕金森病,粗粮,LOW,"燕麦、玉米等粗粮富含膳食纤维，能有效促进肠道蠕动，缓解帕金森患者最头疼的便秘问题。","中华医学会《中国帕金森病治疗指南（第四版）》"
贫血,浓茶,HIGH,"茶叶里的鞣酸会把食物里的铁紧紧‘抱住’，让身体吸收不了，贫血的人吃饭前后一小时千万别喝浓茶。","中国营养学会《中国老年人膳食指南（2022）》"
贫血,咖啡,HIGH,"咖啡里的多酚类物质同样会严重阻碍铁元素的吸收，如果有缺铁性贫血，尽量戒掉或少喝咖啡。","中国营养学会《中国老年人膳食指南（2022）》"
贫血,猪肝,LOW,"猪肝是补铁的‘大户’，吸收率极高。但如果同时有高血脂或痛风，一个月吃一两次解解馋就好，不要天天吃。","中国营养学会《中国老年人膳食指南（2022）》"
贫血,瘦肉,LOW,"猪肉、牛肉等瘦红肉不仅补铁效果好，还含有优质蛋白，是老人家预防贫血的首选日常肉类。","中国营养学会《中国老年人膳食指南（2022）》"
贫血,猕猴桃,LOW,"猕猴桃、柑橘里满满的维生素C能帮着身体更好地吸收铁元素，吃完肉再吃点水果，补血效果翻倍。","中国营养学会《中国老年人膳食指南（2022）》"
骨关节炎,甜饮料,HIGH,"摄入过多的糖分会让身体处于‘发炎’状态，加重关节的肿胀和疼痛，骨关节炎患者一定要严格控糖。","中华医学会《骨关节炎诊疗指南（2021年版）》"
骨关节炎,肥肉,HIGH,"大量饱和脂肪酸也会促进炎症反应，让关节更疼。炒菜尽量用植物油，少吃五花肉、大肥肉。","中华医学会《骨关节炎诊疗指南（2021年版）》"
骨关节炎,骨头汤,HIGH,"骨头汤里不仅没多少钙，反而全是嘌呤和脂肪，喝多了长胖，还会增加膝关节的负重压力，越喝越疼。","中华医学会《骨关节炎诊疗指南（2021年版）》"
胃食管反流,浓茶,HIGH,"浓茶和咖啡会让食管底部的‘阀门’变松，导致胃酸反流上来烧心，经常反酸烧心的老人家尽量别喝。","中华医学会《2020中国胃食管反流病专家共识》"
胃食管反流,巧克力,HIGH,"巧克力不仅甜，还能让食管下括约肌松弛，吃完很容易引起反酸、烧心，老胃病最好忌口。","中华医学会《2020中国胃食管反流病专家共识》"
胃食管反流,红薯,HIGH,"红薯吃多了容易产酸产气，经常反酸烧心的老人家一次最多吃两口，千万别当成主食吃饱。","中华医学会《2020中国胃食管反流病专家共识》"
胃食管反流,夜宵,HIGH,"吃完夜宵马上躺下，胃里的东西很容易顺着食管反流上来。睡前两三个小时绝对不要再吃东西了。","中华医学会《2020中国胃食管反流病专家共识》"
胃食管反流,粥,MEDIUM,"很多人觉得喝粥养胃，但如果是胃酸过多、容易反流的人，喝太多流质反而更容易反酸，最好吃稍微干一点的饭。","中华医学会《2020中国胃食管反流病专家共识》"
前列腺增生,辣椒,HIGH,"辛辣食品会引起前列腺充血肿胀，加重尿频、尿急、排尿困难的症状，老先生们一定要吃得清淡些。","中华医学会《良性前列腺增生诊疗指南》"
前列腺增生,白酒,HIGH,"酒精同样会导致前列腺充血，加重排尿困难，严重时甚至会引发急性尿潴留（尿不出来），尽量戒酒。","中华医学会《良性前列腺增生诊疗指南》"
前列腺增生,南瓜子,LOW,"南瓜子里含有丰富的锌元素，对保护前列腺有一定的辅助好处，平时可以当零食少吃一点。","中华医学会《良性前列腺增生诊疗指南》"
眼底病变,甜食,HIGH,"糖分吃多了会让眼睛里的晶状体提早老化，看东西更容易模糊，保护视力一定要少吃甜食。","中华医学会《中国眼底病诊疗指南》"
眼底病变,胡萝卜,LOW,"胡萝卜里满满的胡萝卜素，对老花眼和干眼症特别友好，炒熟了吃吸收更好，护眼必备。","中国营养学会《中国老年人膳食指南（2022）》"
眼底病变,菠菜,LOW,"菠菜里的叶黄素就像是眼睛的‘防晒霜’，能帮着抵挡有害光线，经常吃眼睛亮堂堂的。","中国营养学会《中国老年人膳食指南（2022）》"
胆囊炎,蛋黄,HIGH,"胆不好最怕高胆固醇，吃多了蛋黄会刺激胆囊收缩，容易引起肚子剧烈绞痛，发作期最好只吃蛋白。","中华医学会《胆囊炎诊疗指南》"
胆囊炎,肥肉,HIGH,"大肥肉和红烧肉全是油脂，胆囊消化不了这么多油，一吃就容易发炎、右腹部疼，千万管住嘴。","中华医学会《胆囊炎诊疗指南》"
胆囊炎,豆腐,LOW,"豆腐不仅含有好蛋白，而且几乎没有脂肪，不会给胆囊增加消化负担，是胆不好时的吃肉平替。","中华医学会《胆囊炎诊疗指南》"
慢性支气管炎,甜点,HIGH,"中医讲‘甜能生痰’，糖分高的食物吃多了容易让喉咙里总有痰咳不出来，咳嗽喘气的话尽量戒甜。","中华医学会《慢性支气管炎基层诊疗指南》"
慢性支气管炎,冰镇西瓜,HIGH,"刚从冰箱拿出来的凉东西会直接刺激气管收缩，引起剧烈咳嗽，老慢支吃水果一定要放常温了再吃。","中华医学会《慢性支气管炎基层诊疗指南》"
慢性支气管炎,梨,LOW,"梨子水分大，能润肺化痰，秋天容易干咳的老人家，煮点冰糖雪梨水喝，嗓子会舒服很多。","中华医学会《慢性支气管炎基层诊疗指南》"
失眠,浓茶,HIGH,"茶叶里提神的咖啡因到了晚上就成了‘安眠克星’，老人家本来就觉少，下午三点以后最好就别喝茶了。","中国睡眠研究会《中国失眠症诊断和治疗指南》"
失眠,咖啡,HIGH,"咖啡提神效果太强，哪怕是上午喝，有些敏感的老人家晚上也会翻来覆去睡不着，睡眠不好坚决别碰。","中国睡眠研究会《中国失眠症诊断和治疗指南》"
失眠,热牛奶,LOW,"牛奶里有种能让人放松安神的物质，睡前半小时喝一小杯温牛奶，肚子暖暖的，入睡会更容易。","中国睡眠研究会《中国失眠症诊断和治疗指南》"
甲状腺结节,海带,MEDIUM,"如果是甲亢引起的结节，海带、紫菜绝对不能吃；但如果是缺碘引起的，反而要适量吃点，一定要听医生的。","中华医学会《甲状腺结节和分化型甲状腺癌诊治指南》"
甲状腺结节,卷心菜,MEDIUM,"生的包菜、卷心菜里有阻碍甲状腺工作的物质，但只要彻底炒熟或者煮透，就可以放心大胆地吃啦。","中华医学会《甲状腺结节和分化型甲状腺癌诊治指南》"
骨质疏松,碳酸饮料,HIGH,"可乐、雪碧里的磷酸会加速骨骼里钙质的流失，老人家本来骨头就脆，千万别拿饮料当水喝。","中华医学会《原发性骨质疏松症诊疗指南（2022）》"
牙周炎,黏性甜食,HIGH,"年糕、汤圆等又甜又黏的食物容易粘在牙缝里清理不掉，会加速牙齿脱落和牙龈发炎，牙口不好要少吃。","中华口腔医学会《老年人常见口腔疾病防治指南》"
牙周炎,粗纤维蔬菜,LOW,"多嚼一嚼像芹菜、黄瓜这样的脆爽蔬菜，能起到‘自我刷牙’的作用，对保护剩下的牙齿很有好处。","中华口腔医学会《老年人常见口腔疾病防治指南》"
脑卒中后遗症,汤圆,HIGH,"吞咽功能不好的老人家千万别吃这种又黏又糯的东西，极容易卡在气管里引起窒息，非常危险！","中华医学会《中国脑卒中早期康复治疗指南》"
脑卒中后遗症,果冻,HIGH,"果冻滑溜溜的，一不小心就会直接滑进气道，中风后嗓子不听使唤的长辈绝对不能碰。","中华医学会《中国脑卒中早期康复治疗指南》"
脑卒中后遗症,清汤,HIGH,"喝像水一样稀的清汤特别容易呛咳，引发吸入性肺炎。建议在汤里加点增稠剂，或者喝浓稠一点的米糊。","中华医学会《中国脑卒中早期康复治疗指南》"
脑卒中后遗症,坚果,HIGH,"花生、瓜子嚼不碎很容易呛到肺里，中风后遗症患者想吃最好打成细腻的坚果泥，千万别直接干嚼。","中华医学会《中国脑卒中早期康复治疗指南》"
脑卒中后遗症,蒸蛋,LOW,"鸡蛋羹爽滑软嫩，不用费力嚼，也不容易呛着，是中风老人家补充营养的绝佳选择。","中华医学会《中国脑卒中早期康复治疗指南》"
脑卒中后遗症,肉泥,LOW,"把瘦肉打成细腻的肉泥做成丸子或者肉糊，既能补充恢复身体需要的蛋白质，又安全好吞咽。","中华医学会《中国脑卒中早期康复治疗指南》"
脂肪肝,酒精,HIGH,"不管是白酒、红酒还是药酒，酒精都要经过肝脏代谢，会直接加重肝脏的脂肪堆积，脂肪肝患者必须戒酒。","中华医学会《非酒精性脂肪性肝病防治指南》"
脂肪肝,果汁,HIGH,"鲜榨果汁里滤掉了膳食纤维，剩下的全都是果糖，果糖在肝脏里会直接转化成脂肪，加重脂肪肝。","中华医学会《非酒精性脂肪性肝病防治指南》"
脂肪肝,肥肉,HIGH,"五花肉、红烧肉里的饱和脂肪特别多，肝脏代谢不掉就会全堆在肝细胞里，尽量少吃。","中华医学会《非酒精性脂肪性肝病防治指南》"
脂肪肝,动物内脏,HIGH,"猪肝、肥肠不仅胆固醇高，脂肪也高，吃多了会让肝脏负担越来越重，能不碰就不碰。","中华医学会《非酒精性脂肪性肝病防治指南》"
脂肪肝,燕麦,LOW,"燕麦里的膳食纤维能帮着把肠道里多余的油脂带出体外，减轻肝脏的代谢压力，非常适合当主食。","中华医学会《非酒精性脂肪性肝病防治指南》"
脂肪肝,豆制品,LOW,"豆腐、豆干含有优质的植物蛋白，而且不含胆固醇，能帮助肝脏细胞修复，日常可以多吃点。","中华医学会《非酒精性脂肪性肝病防治指南》"
心力衰竭,咸菜,HIGH,"心衰最怕水肿！吃得太咸会让水分全憋在身体里，加重心脏泵血的负担，一定要严格控盐，咸菜绝对不能碰。","中华医学会《中国心力衰竭诊断和治疗指南》"
心力衰竭,西瓜,HIGH,"西瓜水分太大，老人家一吃就是一大块，突然喝进去这么多水会导致心脏受不了，心衰患者吃水果要严格控量。","中华医学会《中国心力衰竭诊断和治疗指南》"
心力衰竭,稀饭,MEDIUM,"稀饭里全是水，如果医生嘱咐了每天要限制喝水量，那喝稀饭就得算进总水量里，尽量吃干一点的饭。","中华医学会《中国心力衰竭诊断和治疗指南》"
心力衰竭,酱油,HIGH,"炒菜放了酱油就等于放了盐，钠超标会让心脏更累、腿脚更肿，做菜最好清淡到能吃出原味。","中华医学会《中国心力衰竭诊断和治疗指南》"
心力衰竭,冬瓜,LOW,"冬瓜利尿消肿，而且本身不含什么钠盐，能帮着身体把多余的水分排出去，减轻心脏的压力。","中华医学会《中国心力衰竭诊断和治疗指南》"
心力衰竭,瘦肉,LOW,"适当吃点瘦肉补充蛋白质，能防止身体因为生病变得越来越虚弱，但切记做法要清淡。","中华医学会《中国心力衰竭诊断和治疗指南》"
泌尿系结石,菠菜,HIGH,"菠菜里的草酸特别高，很容易在肾脏里和钙结合长成石头。如果真想吃，一定要在开水里多焯一会儿。","中华医学会《尿路结石诊疗指南》"
泌尿系结石,浓茶,HIGH,"浓茶里的草酸也不少，经常喝容易促进结石长大，有结石体质的老人家最好多喝白开水，少喝茶。","中华医学会《尿路结石诊疗指南》"
泌尿系结石,海鲜,HIGH,"海鲜吃多了尿酸会升高，而尿酸高不仅会痛风，还容易在尿路里长出尿酸结石，平时要管住嘴。","中华医学会《尿路结石诊疗指南》"
泌尿系结石,豆腐,LOW,"很多人以为长了结石不能吃豆腐，其实正常的饮食钙不仅不会长结石，反而能把肠道里的草酸带走，豆腐是可以吃的。","中华医学会《尿路结石诊疗指南》"
泌尿系结石,白开水,LOW,"对付结石最好的‘药’就是多喝水！每天保证尿液颜色是清亮的，能把小石头直接冲刷出来。","中华医学会《尿路结石诊疗指南》"
泌尿系结石,柠檬,LOW,"柠檬水里的柠檬酸能防止结石的形成，平时在白开水里切两片鲜柠檬，防结石效果很好。","中华医学会《尿路结石诊疗指南》"
甲状腺功能减退,卷心菜,HIGH,"生的卷心菜、紫甘蓝里有种物质会妨碍甲状腺工作，甲减的老人家尽量别生吃这类蔬菜，一定要炒熟。","中华医学会《成人甲状腺功能减退症诊治指南》"
甲状腺功能减退,肥肉,HIGH,"甲减患者的身体代谢很慢，吃进去的脂肪很难消耗掉，特别容易导致高血脂和发胖，一定要少吃肥肉。","中华医学会《成人甲状腺功能减退症诊治指南》"
甲状腺功能减退,大豆,MEDIUM,"大豆里的某些成分可能会影响甲减药物（比如优甲乐）的吸收，如果吃药了，最好隔开几个小时再喝豆浆。","中华医学会《成人甲状腺功能减退症诊治指南》"
甲状腺功能减退,海带,LOW,"如果是因为缺碘引起的甲减，适当吃点海带、紫菜能给甲状腺补充原料，但如果是桥本引起的就要听医生的。","中华医学会《成人甲状腺功能减退症诊治指南》"
甲状腺功能减退,粗粮,LOW,"甲减会让肠胃蠕动变慢，老人家容易便秘，多吃点玉米、红薯、燕麦这些粗粮能让排便通畅。","中华医学会《成人甲状腺功能减退症诊治指南》"
胃溃疡,竹笋,HIGH,"竹笋里的粗纤维像小刷子一样，老人家胃黏膜本来就有溃疡，吃这个容易直接把胃划伤、引起胃痛，千万别吃。","中华医学会《消化性溃疡诊断与治疗共识》"
胃溃疡,浓茶,HIGH,"茶叶里的茶碱会刺激胃酸大量分泌，胃酸一多就会腐蚀溃疡面，让胃疼得更厉害，老胃病一定要把茶戒了。","中华医学会《消化性溃疡诊断与治疗共识》"
胃溃疡,咖啡,HIGH,"咖啡不仅刺激胃酸分泌，还会让胃壁的血管收缩，影响溃疡愈合，无论多困也别拿咖啡提神。","中华医学会《消化性溃疡诊断与治疗共识》"
胃溃疡,辣椒,HIGH,"辛辣食物会直接火辣辣地刺激胃黏膜上的伤口，吃完马上就会烧心、胃疼，做菜一定要清淡。","中华医学会《消化性溃疡诊断与治疗共识》"
胃溃疡,苏打饼干,LOW,"两餐之间如果觉得胃有点饿得泛酸，吃两片苏打饼干能中和一下胃酸，让胃里舒服一点。","中华医学会《消化性溃疡诊断与治疗共识》"
胃溃疡,蒸蛋,LOW,"鸡蛋羹软嫩爽滑，好消化不伤胃，还能给溃疡面的修复提供优质营养，是老胃病的养胃好菜。","中华医学会《消化性溃疡诊断与治疗共识》"
胃溃疡,山药,LOW,"山药里的黏液蛋白能像一层保护膜一样贴在胃壁上，对溃疡愈合非常有好处，平时可以多蒸点山药吃。","中华医学会《消化性溃疡诊断与治疗共识》"
类风湿关节炎,肥肉,HIGH,"大肥肉里的饱和脂肪酸在身体里会变成‘促炎物质’，让关节肿得更厉害、疼得更钻心，尽量少吃。","中华医学会《类风湿关节炎诊疗指南》"
类风湿关节炎,动物内脏,HIGH,"猪肝、肥肠这些内脏不仅嘌呤高，还会加重身体的炎症反应，对类风湿患者的关节非常不友好。","中华医学会《类风湿关节炎诊疗指南》"
类风湿关节炎,甜点,HIGH,"蛋糕、饼干里的精制糖吃多了同样会让身体一直处于‘发炎’状态，关节痛的时候一定要严格控糖。","中华医学会《类风湿关节炎诊疗指南》"
类风湿关节炎,深海鱼,LOW,"三文鱼、带鱼里的欧米伽3脂肪酸能起到天然的‘消炎药’作用，帮着减轻关节的红肿热痛，推荐每周吃两次。","中华医学会《类风湿关节炎诊疗指南》"
类风湿关节炎,亚麻籽,LOW,"亚麻籽油或者核桃里也有好脂肪，炒菜时可以适当用亚麻籽油代替部分大豆油，对保护关节有好处。","中华医学会《类风湿关节炎诊疗指南》"
类风湿关节炎,大蒜,LOW,"大蒜里含有天然的抗氧化和消炎成分，做菜时稍微放几瓣蒜，不仅提味，还能帮着缓解关节发炎。","中华医学会《类风湿关节炎诊疗指南》"
慢性腹泻,生冷海鲜,HIGH,"三文鱼刺身、生蚝这些生冷食物上有大量细菌，肠胃本来就虚弱、经常拉肚子的老人家一吃绝对要跑厕所！","中华医学会《慢性腹泻基层诊疗指南》"
慢性腹泻,火龙果,HIGH,"火龙果尤其是红心火龙果，通便效果极强，如果在拉肚子期间吃，只会让腹泻越来越严重，必须忌口。","中华医学会《慢性腹泻基层诊疗指南》"
慢性腹泻,粗粮,HIGH,"糙米、玉米等粗纤维食物在肠道不好的时候就像砂纸一样摩擦肠壁，拉肚子期间最好喝点白米粥，别吃粗粮。","中华医学会《慢性腹泻基层诊疗指南》"
慢性腹泻,冷饮,HIGH,"刚从冰箱里拿出来的水或者冰棍，吃下去会让肠道疯狂痉挛收缩，马上就会肚子疼拉水，绝对不能碰。","中华医学会《慢性腹泻基层诊疗指南》"
慢性腹泻,苹果泥,LOW,"生吃苹果通便，但把苹果蒸熟了或者捣成泥吃，里面的果胶就能发挥收敛的作用，能帮着止泻成形。","中华医学会《慢性腹泻基层诊疗指南》"
慢性腹泻,面条,LOW,"一碗热乎乎的烂面条或者疙瘩汤，好消化不增加肠道负担，是拉肚子期间最安全的暖肚主食。","中华医学会《慢性腹泻基层诊疗指南》"
痔疮,白酒,HIGH,"酒精会让全身的血管扩张，尤其是盆腔和肛门的静脉丛，喝完酒第二天十有八九会便血脱出，一定要戒酒。","中华医学会《中国痔病诊疗指南》"
痔疮,辣椒,HIGH,"麻辣烫、火锅里的辣椒素身体吸收不了，排出来的时候会像火烧一样刺激肛门，让痔疮肿痛难忍。","中华医学会《中国痔病诊疗指南》"
痔疮,胡椒,HIGH,"胡椒、花椒等辛辣香料同样会引起直肠肛门的局部充血，痔疮发作期炒菜千万别放这些提味。","中华医学会《中国痔病诊疗指南》"
痔疮,精白米面,MEDIUM,"天天只吃白米白面，大便会变得又干又硬，拉不出来一用力就会把痔疮撑破出血，一定要掺点粗粮吃。","中华医学会《中国痔病诊疗指南》"
痔疮,红薯,LOW,"红薯里的纤维能让大便吸收水分变得松软，拉大便时滑溜溜的不费力，对预防痔疮复发特别管用。","中华医学会《中国痔病诊疗指南》"
痔疮,木耳,LOW,"黑木耳不仅能清理血管，还有很好的润肠通便作用，平时凉拌点木耳吃，能预防大便干结。","中华医学会《中国痔病诊疗指南》"
下肢动脉硬化,猪板油,HIGH,"猪油炒菜虽然香，但里面的脂肪会直接变成血管里的‘垃圾’，让腿部的血管堵得更死，走路更疼。","中华医学会《下肢动脉硬化闭塞症诊治指南》"
下肢动脉硬化,咸肉,HIGH,"腊肉、咸肉不仅肥油多，盐分也高得吓人，会严重破坏血管内皮的健康，老寒腿、血管不好的长辈一定要忌口。","中华医学会《下肢动脉硬化闭塞症诊治指南》"
下肢动脉硬化,奶精,HIGH,"很多速溶奶茶、廉价麦片里加了植脂末（奶精），这全是反式脂肪酸，对血管的杀伤力极大，买东西记得看配料表。","中华医学会《下肢动脉硬化闭塞症诊治指南》"
下肢动脉硬化,洋葱,LOW,"洋葱里有一种能扩张血管的好东西，能帮着降低血液的黏稠度，让堵塞的腿部血管稍微通畅一点。","中华医学会《下肢动脉硬化闭塞症诊治指南》"
下肢动脉硬化,西红柿,LOW,"西红柿里的番茄红素是保护血管的‘小卫士’，不仅抗氧化还能保护血管内皮，炒熟了吃效果最好。","中华医学会《下肢动脉硬化闭塞症诊治指南》"
下肢动脉硬化,坚果,MEDIUM,"核桃、杏仁含有的脂肪对血管有好处，但热量实在太高，每天吃一小把就行，吃多了不仅长胖还增加血脂负担。","中华医学会《下肢动脉硬化闭塞症诊治指南》"
青光眼,浓茶,HIGH,"青光眼最怕眼压升高。浓茶里的咖啡因会让眼底血管收缩、眼压往上冲，老人家喝了容易眼睛胀痛。","中华医学会《中国青光眼指南》"
青光眼,咖啡,HIGH,"咖啡提神的同时也会让心跳加快、眼内房水增多，直接导致眼压升高，有青光眼的千万别喝。","中华医学会《中国青光眼指南》"
青光眼,咸菜,HIGH,"吃得太咸会让身体里的水分排不出去，眼睛里的水分一旦积聚，眼压就会跟着升高，一定要清淡饮食。","中华医学会《中国青光眼指南》"
青光眼,一大杯水,HIGH,"青光眼患者喝水千万别‘牛饮’，一次性喝下大半瓶水会让眼压短时间内急剧升高。记得要‘少量多次’地喝。","中华医学会《中国青光眼指南》"
青光眼,蜂蜜,LOW,"蜂蜜属于高渗食物，能帮着血液把眼睛里多余的水分‘吸’出来，对降低眼压有一定辅助好处，可以适量喝点。","中华医学会《中国青光眼指南》"
青光眼,西红柿,LOW,"西红柿富含维生素C和抗氧化物质，能帮着保护眼底脆弱的视神经，平时做菜可以多放点。","中华医学会《中国青光眼指南》"
慢性胰腺炎,扣肉,HIGH,"胰腺是消化脂肪的主力军，生病后最怕油腻。像梅菜扣肉这种大油大肉吃下去，直接引发剧烈腹痛，绝对要管住嘴。","中华医学会《慢性胰腺炎诊治指南》"
慢性胰腺炎,鸡汤,HIGH,"老火浓鸡汤里全是炖出来的厚厚脂肪，胰腺炎患者喝这种汤等于‘喝油’，会极大地加重胰腺负担。","中华医学会《慢性胰腺炎诊治指南》"
慢性胰腺炎,白酒,HIGH,"酒精对胰腺细胞有直接的毒害作用，是引起胰腺炎复发的第一大杀手！无论多大酒瘾，必须滴酒不沾。","中华医学会《慢性胰腺炎诊治指南》"
慢性胰腺炎,烧烤,HIGH,"烤肉不仅油大，而且蛋白质在高温下变性，极难消化。胰腺不好的人吃一次，可能晚上就要去挂急诊。","中华医学会《慢性胰腺炎诊治指南》"
慢性胰腺炎,山药,LOW,"山药属于极易消化的碳水化合物，不仅不会给胰腺添乱，还能提供老人家需要的热量和营养，非常推荐。","中华医学会《慢性胰腺炎诊治指南》"
慢性胰腺炎,豆腐,LOW,"植物蛋白比动物脂肪好消化得多，豆腐软烂不腻，是胰腺炎恢复期绝佳的‘吃肉平替’。","中华医学会《慢性胰腺炎诊治指南》"
甲状腺功能亢进,海带,HIGH,"甲亢是身体里的碘太多了导致‘发动机转速过快’。海带是含碘大户，吃一口就等于火上浇油，绝对忌口。","中华医学会《甲状腺功能亢进症基层诊疗指南》"
甲状腺功能亢进,紫菜,HIGH,"无论是紫菜蛋花汤还是零食海苔，里面的碘含量都极其惊人，甲亢患者千万别碰任何海藻类食物。","中华医学会《甲状腺功能亢进症基层诊疗指南》"
甲状腺功能亢进,海虾,HIGH,"海鲜里的碘普遍比河鲜高得多。如果实在想吃鱼虾解馋，一定要去市场买淡水鱼或者河虾，避开海产。","中华医学会《甲状腺功能亢进症基层诊疗指南》"
甲状腺功能亢进,浓茶,HIGH,"甲亢患者本来就容易心慌、手抖、心跳快，再喝浓茶提神，心脏真的会受不了，尽量喝白开水。","中华医学会《甲状腺功能亢进症基层诊疗指南》"
甲状腺功能亢进,瘦肉,LOW,"甲亢会让人消耗特别大，老人家容易暴瘦没力气。必须多吃点猪牛羊的瘦肉，把流失的营养补回来。","中华医学会《甲状腺功能亢进症基层诊疗指南》"
甲状腺功能亢进,米饭,LOW,"因为身体消耗快，甲亢患者的主食量可以比平时稍微多吃一点，保证有足够的热量支撑日常活动。","中华医学会《甲状腺功能亢进症基层诊疗指南》"
干燥综合征,饼干,HIGH,"干燥综合征的老人家本身就嘴巴干、没口水，吃这种干巴巴的饼干极容易卡在嗓子眼或者划破口腔黏膜，少吃干粮。","中华医学会《原发性干燥综合征诊疗规范》"
干燥综合征,炒货,HIGH,"瓜子、花生、炒栗子等炒货又干又燥，吃多了会加重口干眼干的症状，甚至引起嗓子疼、口腔溃疡。","中华医学会《原发性干燥综合征诊疗规范》"
干燥综合征,辣椒,HIGH,"辛辣刺激的食物会直接‘火烧浇油’，让本来就缺乏黏液保护的口腔和食管火辣辣地疼，饮食必须极度清淡。","中华医学会《原发性干燥综合征诊疗规范》"
干燥综合征,银耳,LOW,"中医讲银耳能‘滋阴润燥’，熬得黏糊糊的银耳汤滑润好吞咽，能极大地缓解嘴巴干、嗓子干的痛苦。","中华医学会《原发性干燥综合征诊疗规范》"
干燥综合征,梨,LOW,"梨子水分极大，就像是天然的‘润喉糖’。如果老人家觉得生吃太凉，切成块蒸熟了吃，润燥效果依然很好。","中华医学会《原发性干燥综合征诊疗规范》"
干燥综合征,番茄汤,LOW,"做菜时多做点带酸甜汤汁的菜，比如番茄鸡蛋汤，不仅能刺激稍微分泌点唾液，连汤带水咽下去也不费劲。","中华医学会《原发性干燥综合征诊疗规范》"
胆结石,猪脑,HIGH,"胆结石最喜欢‘胆固醇’。猪脑是胆固醇含量最高的食物之一，吃进去全变成了结石的养料，绝对不能吃。","中华医学会《胆囊良性疾病外科治疗的专家共识》"
胆结石,蛋黄,HIGH,"每天吃一个蛋黄对常人很好，但对有胆结石的老人家来说，胆固醇容易超标诱发结石变大，发作期建议只吃蛋白。","中华医学会《胆囊良性疾病外科治疗的专家共识》"
胆结石,炸糕,HIGH,"油炸食品吃下去后，会强制让胆囊剧烈收缩来排出胆汁消化脂肪。如果里面有石头，一收缩就会引起要命的胆绞痛。","中华医学会《胆囊良性疾病外科治疗的专家共识》"
胆结石,生冷食物,HIGH,"刚从冰箱里拿出来的冰水或者凉菜，强烈的冷刺激也可能导致胆道平滑肌痉挛，引起结石发作疼痛。","中华医学会《胆囊良性疾病外科治疗的专家共识》"
胆结石,燕麦,LOW,"燕麦里的水溶性膳食纤维是个好东西，它能在肠道里把多余的胆固醇紧紧‘绑住’排泄掉，不给结石留生长原料。","中华医学会《胆囊良性疾病外科治疗的专家共识》"
胆结石,玉米,LOW,"粗粮里的植物纤维同样能促进肠道蠕动，加速胆固醇代谢。用玉米代替一部分精白米面，对防结石大有好处。","中华医学会《胆囊良性疾病外科治疗的专家共识》"
肝硬化,坚果,HIGH,"肝硬化老人的食管血管很薄，花生、瓜子这些硬东西嚼不碎，咽下去极容易把血管划破引起大出血，千万别干吃！","中华医学会《肝硬化诊治指南》"
肝硬化,芹菜,HIGH,"韭菜、芹菜里的粗纤维太多，像粗糙的刷子一样，同样容易摩擦食管静脉引发吐血，蔬菜一定要挑软烂的吃。","中华医学会《肝硬化诊治指南》"
肝硬化,咸菜,HIGH,"肝硬化容易引起肚子积水（腹水），吃得太咸会让水分全憋在帖子里排不出去，肚子胀得难受，必须严格限盐。","中华医学会《肝硬化诊治指南》"
肝硬化,酒,HIGH,"肝脏都已经硬化了，不管白酒红酒还是药酒，只要有酒精就是穿肠毒药，一滴都绝对不能再碰。","中华医学会《肝硬化诊治指南》"
肝硬化,酸奶,LOW,"酸奶能改善肠道里的细菌环境，减少肠道毒素跑进肝脏，减轻肝脏的解毒压力，老人家可以每天喝一杯。","中华医学会《肝硬化诊治指南》"
肝硬化,豆腐,LOW,"豆腐软烂好吞咽，绝对不会划伤食管，还能给肝脏修复提供必需的优质蛋白质，是肝病患者的极佳食材。","中华医学会《肝硬化诊治指南》"
颈动脉斑块,猪脑,HIGH,"猪脑的胆固醇高得吓人，吃进去直接变成粘在血管壁上的‘黄油’，让颈动脉的斑块越来越大，绝对要忌口。","中华医学会《头颈部动脉粥样硬化性病变诊治共识》"
颈动脉斑块,肥肉,HIGH,"大肥肉里的饱和脂肪不仅会让血管变窄，还会让原有的斑块变得不稳定，一旦脱落就会引发脑梗塞，尽量别吃。","中华医学会《头颈部动脉粥样硬化性病变诊治共识》"
颈动脉斑块,起酥点心,HIGH,"牛角包、蛋黄酥里有很多反式脂肪酸，这东西对心脑血管的杀伤力极大，买零食一定要避开。","中华医学会《头颈部动脉粥样硬化性病变诊治共识》"
颈动脉斑块,木耳,LOW,"黑木耳被公认为是血管的‘清道夫’，能帮着稍微稀释一下黏稠的血液，对预防斑块变大有一定的好处。","中华医学会《头颈部动脉粥样硬化性病变诊治共识》"
颈动脉斑块,洋葱,LOW,"洋葱里含有的成分能帮着扩张血管，让血液流得更顺畅，平时炒菜可以多切点洋葱做配菜。","中华医学会《头颈部动脉粥样硬化性病变诊治共识》"
颈动脉斑块,深海鱼,LOW,"带鱼、鲅鱼、三文鱼里的健康脂肪能起到抗炎作用，帮着把血管里的斑块‘固定’住，不让它乱跑添乱。","中华医学会《头颈部动脉粥样硬化性病变诊治共识》"
带状疱疹,花生,HIGH,"花生里有一种叫‘精氨酸’的物质，正好是疱疹病毒最喜欢的养料！长疱疹期间千万别吃花生，否则水疱长得更多。","中国医师协会《带状疱疹中国专家共识》"
带状疱疹,巧克力,HIGH,"巧克力同样富含精氨酸，吃多了会让病毒繁殖得更快，让神经痛得更加钻心，发病和恢复期最好别碰。","中国医师协会《带状疱疹中国专家共识》"
带状疱疹,羊肉,HIGH,"中医讲羊肉和海鲜是‘发物’，容易引起身体上火和炎症反应，让疱疹的红肿和灼烧感更严重，必须忌口。","中国医师协会《带状疱疹中国专家共识》"
带状疱疹,辣椒,HIGH,"辛辣食物会直接刺激神经，让带状疱疹留下的神经痛更加剧烈，为了少遭罪，饮食一定要极度清淡。","中国医师协会《带状疱疹中国专家共识》"
带状疱疹,牛奶,LOW,"牛奶和乳制品里富含‘赖氨酸’，这种好东西能死死压制住疱疹病毒的繁殖，生病期间每天喝一杯准没错。","中国医师协会《带状疱疹中国专家共识》"
带状疱疹,瘦猪肉,LOW,"长疱疹说明老人家的免疫力掉底了，多吃点瘦肉补充蛋白质，抵抗力升上去了，这蛇缠腰才能好得快。","中国医师协会《带状疱疹中国专家共识》"
心绞痛,冰水,HIGH,"大热天也千万别喝冰水！一口冰水猛地灌下去，冷刺激会让心脏血管瞬间痉挛，极容易引发心绞痛甚至心梗。","中华医学会《冠状动脉痉挛综合征诊断与治疗中国专家共识》"
心绞痛,大餐,HIGH,"吃自助或者吃得太撑，全身大量的血液都会跑到胃里去帮忙消化，心脏就会缺血缺氧，直接导致胸闷胸痛，最多吃七分饱。","中华医学会《冠状动脉痉挛综合征诊断与治疗中国专家共识》"
心绞痛,浓茶,HIGH,"浓茶和咖啡里有兴奋神经的物质，会让心跳突然加快。心脏跳得太累了就会抗议，引发心前区绞痛。","中华医学会《冠状动脉痉挛综合征诊断与治疗中国专家共识》"
心绞痛,黄油,HIGH,"黄油、猪油吃多了会让心血管里长垃圾，心脏供血的通道变窄了，稍微一活动就会胸口疼，炒菜换成植物油。","中华医学会《冠状动脉痉挛综合征诊断与治疗中国专家共识》"
心绞痛,少食多餐,LOW,"别给心脏增加消化带来的供血负担，把一日三餐分成四五顿小餐来吃，每次少吃点，心脏才会觉得轻松。","中华医学会《冠状动脉痉挛综合征诊断与治疗中国专家共识》"
心绞痛,西红柿,LOW,"西红柿不仅软烂好消化，里面的番茄红素对保护心血管内皮也有好处，是心脏不好的长辈的优选蔬菜。","中华医学会《冠状动脉痉挛综合征诊断与治疗中国专家共识》"
老年期抑郁,咖啡,HIGH,"咖啡因会让老人家本就脆弱的神经高度紧张，不仅让人心慌，还会加重焦虑感和失眠，心情不好时千万别喝。","中华医学会《老年期抑郁障碍诊疗专家共识》"
老年期抑郁,甜点,HIGH,"吃糖确实能开心一小会儿，但过一会儿血糖猛跌的时候，情绪会跟着跌入谷底，让人变得更加暴躁和低落。","中华医学会《老年期抑郁障碍诊疗专家共识》"
老年期抑郁,加工肉,HIGH,"火腿肠、培根里有很多添加剂，长期吃容易引起身体的慢性炎症，这种炎症信号传到大脑，会让心情更差。","中华医学会《老年期抑郁障碍诊疗专家共识》"
老年期抑郁,香蕉,LOW,"香蕉里含有一种能让人大脑分泌‘快乐激素’（血清素）的好东西，心情烦躁、提不起精神的时候，吃根香蕉能舒缓很多。","中华医学会《老年期抑郁障碍诊疗专家共识》"
老年期抑郁,核桃,LOW,"坚果里的欧米伽3脂肪酸对大脑神经有着极好的保护和修复制用，每天吃两三颗核桃，能帮着稳定老人的情绪。","中华医学会《老年期抑郁障碍诊疗专家共识》"
老年期抑郁,热牛奶,LOW,"心情不好的老人通常都睡不好。睡前半小时喝杯温热的牛奶能安神助眠，睡眠质量上去了，白天的情绪自然也会好转。","中华医学会《老年期抑郁障碍诊疗专家共识》"
心房颤动,菠菜,HIGH,"重点提醒：如果您正在吃华法林这种抗凝药，菠菜里的维生素K会让药效大打折扣，容易长血栓，千万别突然大量吃。","中华医学会《心房颤动诊疗指南》"
心房颤动,西柚,HIGH,"西柚（柚子）会严重干扰很多抗心律失常药和降压药的吸收，甚至引起药物中毒，吃药期间绝对不要碰西柚和西柚汁。","中华医学会《心房颤动诊疗指南》"
心房颤动,浓茶,HIGH,"浓茶和咖啡会让心跳突然加速、乱跳，房颤病人的心脏本来就容易‘乱通电’，喝这些极容易诱发房颤发作。","中华医学会《心房颤动诊疗指南》"
心房颤动,酒,HIGH,"哪怕是逢年过节喝一小杯酒，也可能成为触发房颤的‘导火索’，心脏乱跳起来很难受，必须彻底戒酒。","中华医学会《心房颤动诊疗指南》"
心房颤动,深海鱼,LOW,"鱼肉里的健康脂肪能帮着稳定心肌细胞的‘脾气’，对减少心律失常发作有辅助好处，吃清蒸鱼最合适。","中华医学会《心房颤动诊疗指南》"
心房颤动,芹菜,LOW,"芹菜不仅能帮着平稳血压，还能提供丰富的钾元素，钾对稳定心跳非常有帮助，平时做菜可以多放点。","中华医学会《心房颤动诊疗指南》"
老年性白内障,甜食,HIGH,"糖分不仅伤血管，还会加速眼睛里晶状体的‘糖化’和浑浊，让白内障长得更快，看东西越来越模糊，一定要控糖。","中华医学会《眼科学·白内障诊疗共识》"
老年性白内障,油炸,HIGH,"油条、炸鸡里的过氧化物就像是眼睛的‘催老剂’，会直接破坏晶状体的透明度，为了视力一定要少吃油炸食品。","中华医学会《眼科学·白内障诊疗共识》"
老年性白内障,辣椒,HIGH,"辛辣食物容易让眼底血管扩张充血，加重眼睛的干涩和疲劳，对白内障术前术后的恢复都不利，尽量吃清淡些。","中华医学会《眼科学·白内障诊疗共识》"
老年性白内障,西红柿,LOW,"西红柿里的维生素C是天然的‘抗氧化剂’，能帮着挡住紫外线对眼睛的伤害，延缓晶状体变白，做熟了吃效果更好。","中国营养学会《中国老年人膳食指南（2022）》"
老年性白内障,胡萝卜,LOW,"胡萝卜素在身体里会变成维生素A，对整个眼球的健康都至关重要，是防老花、防白内障的餐桌好帮手。","中国营养学会《中国老年人膳食指南（2022）》"
老年性白内障,绿茶,LOW,"绿茶里有很多茶多酚，能帮着清除眼睛里的代谢垃圾，每天泡杯淡绿茶，对保护视力有一定辅助作用。","中国营养学会《中国老年人膳食指南（2022）》"
老年性皮肤瘙痒症,海鲜,HIGH,"虾蟹贝壳等海鲜容易引发过敏反应，释放出‘组胺’，会让老人家本来就干燥的皮肤痒得整夜睡不着觉，发作期绝对忌口。","中国医师协会《老年皮肤瘙痒症诊断与治疗专家共识》"
老年性皮肤瘙痒症,辣椒,HIGH,"一吃辣身体就会微微发热出汗，这种热刺激会直接放大皮肤的瘙痒感，越吃越痒，必须做到饮食清淡。","中国医师协会《老年皮肤瘙痒症诊断与治疗专家共识》"
老年性皮肤瘙痒症,火锅,HIGH,"火锅不仅又烫又辣，里面的各种复杂香料也容易成为过敏原，吃完往往会觉得全身皮肤像有蚂蚁在爬，尽量少吃。","中国医师协会《老年皮肤瘙痒症诊断与治疗专家共识》"
老年性皮肤瘙痒症,白酒,HIGH,"酒精会让全身的毛细血管扩张，加速皮肤表面水分的流失，让皮肤变得更干、更痒，老人家一定要忍住别喝酒。","中国医师协会《老年皮肤瘙痒症诊断与治疗专家共识》"
老年性皮肤瘙痒症,银耳,LOW,"中医讲究‘肺主皮毛’，银耳炖出来的胶质能从内到外滋润身体，对缓解因为干燥引起的全身发痒很管用。","中国医师协会《老年皮肤瘙痒症诊断与治疗专家共识》"
老年性皮肤瘙痒症,黑芝麻,LOW,"黑芝麻里的健康油脂能给干燥的皮肤补充天然的‘润肤霜’，平时泡点无糖的黑芝麻糊喝，皮肤不干自然就不痒了。","中国医师协会《老年皮肤瘙痒症诊断与治疗专家共识》"
支气管哮喘,冷饮,HIGH,"刚从冰箱里拿出来的水或者冰镇西瓜，强烈的冷空气刺激会直接导致气管痉挛收缩，瞬间喘不上气，一定要吃常温的。","中华医学会《支气管哮喘防治指南》"
支气管哮喘,腊肉,HIGH,"很多腊肉、香肠里含有亚硫酸盐等防腐剂，这些化学物质是极强的哮喘诱发剂，吃一口可能就会引发剧烈咳嗽。","中华医学会《支气管哮喘防治指南》"
支气管哮喘,海鲜,HIGH,"如果是过敏体质的老人，鱼虾蟹极容易成为过敏原，引起气道严重水肿和哮喘大发作，吃海鲜一定要小心再小心。","中华医学会《支气管哮喘防治指南》"
支气管哮喘,咸菜,HIGH,"盐吃得太多会让支气管的‘脾气’变得更暴躁，稍微有点冷风或者灰尘就会剧烈喘息，一定要严格控盐。","中华医学会《支气管哮喘防治指南》"
支气管哮喘,萝卜,LOW,"白萝卜能顺气化痰，老人家如果觉得喉咙里有痰咳不出、气不顺，炖点白萝卜汤喝能让呼吸畅快不少。","中华医学会《支气管哮喘防治指南》"
支气管哮喘,核桃,LOW,"核桃等坚果里的镁元素能帮着支气管平滑肌放松，缓解气管的紧张痉挛，对预防哮喘发作有一定的好处。","中华医学会《支气管哮喘防治指南》"
耳鸣与神经性耳聋,咸菜,HIGH,"耳朵里的微小血管对血压极其敏感。盐吃多了会导致内耳血管水肿、供血不足，直接让耳鸣变得像火车一样吵。","中华医学会《耳鸣临床诊疗指南》"
耳鸣与神经性耳聋,咖啡,HIGH,"咖啡因会让神经高度兴奋，本来耳朵里就在嗡嗡响，喝了咖啡神经更放松不下来，晚上根本睡不着觉。","中华医学会《耳鸣临床诊疗指南》"
耳鸣与神经性耳聋,肥肉,HIGH,"大量脂肪会让血液变得极其黏稠，血液流不到耳朵深处的毛细血管里，听神经缺乏营养就会加速耳聋，少吃油腻。","中华医学会《耳鸣临床诊疗指南》"
耳鸣与神经性耳聋,味精,HIGH,"味精里的谷氨酸钠会影响神经的传导，吃太多不仅口干，还可能加重神经性耳鸣的症状，炒菜最好别放味精。","中华医学会《耳鸣临床诊疗指南》"
耳鸣与神经性耳聋,黑豆,LOW,"中医认为‘肾开窍于耳’，黑豆、黑芝麻等黑色食物能补肾益气，对改善老年人因为身体虚弱引起的耳鸣很对症。","中国营养学会《中国老年人膳食指南（2022）》"
耳鸣与神经性耳聋,牛奶,LOW,"牛奶里富含锌和钙，锌元素对维持内耳神经的正常工作必不可少，每天喝杯奶，对保护听力大有裨益。","中国营养学会《中国老年人膳食指南（2022）》"